<?xml version="1.0" encoding="UTF-8"?>
<metadata xml:lang="es"><Esri><CreaDate>20201027</CreaDate><CreaTime>01534300</CreaTime><ArcGISFormat>1.0</ArcGISFormat><SyncOnce>FALSE</SyncOnce><DataProperties><itemProps><itemName Sync="TRUE">Orillas_Multitemporal_Dissol</itemName><imsContentType Sync="TRUE">002</imsContentType><itemLocation><linkage Sync="TRUE">file://\\097771-DOCENT-O\C$\Users\Usuario\Documents\ArcGIS\Default1.gdb</linkage><protocol Sync="TRUE">Local Area Network</protocol></itemLocation><itemSize Sync="TRUE">0.000</itemSize></itemProps><coordRef><type Sync="TRUE">Projected</type><geogcsn Sync="TRUE">GCS_WGS_1984</geogcsn><csUnits Sync="TRUE">Linear Unit: Meter (1.000000)</csUnits><projcsn Sync="TRUE">WGS_1984_UTM_Zone_18N</projcsn><peXml Sync="TRUE">&lt;ProjectedCoordinateSystem xsi:type='typens:ProjectedCoordinateSystem' xmlns:xsi='http://www.w3.org/2001/XMLSchema-instance' xmlns:xs='http://www.w3.org/2001/XMLSchema' xmlns:typens='http://www.esri.com/schemas/ArcGIS/10.7'&gt;&lt;WKT&gt;PROJCS[&amp;quot;WGS_1984_UTM_Zone_18N&amp;quot;,GEOGCS[&amp;quot;GCS_WGS_1984&amp;quot;,DATUM[&amp;quot;D_WGS_1984&amp;quot;,SPHEROID[&amp;quot;WGS_1984&amp;quot;,6378137.0,298.257223563]],PRIMEM[&amp;quot;Greenwich&amp;quot;,0.0],UNIT[&amp;quot;Degree&amp;quot;,0.0174532925199433]],PROJECTION[&amp;quot;Transverse_Mercator&amp;quot;],PARAMETER[&amp;quot;False_Easting&amp;quot;,500000.0],PARAMETER[&amp;quot;False_Northing&amp;quot;,0.0],PARAMETER[&amp;quot;Central_Meridian&amp;quot;,-75.0],PARAMETER[&amp;quot;Scale_Factor&amp;quot;,0.9996],PARAMETER[&amp;quot;Latitude_Of_Origin&amp;quot;,0.0],UNIT[&amp;quot;Meter&amp;quot;,1.0],AUTHORITY[&amp;quot;EPSG&amp;quot;,32618]]&lt;/WKT&gt;&lt;XOrigin&gt;-5120900&lt;/XOrigin&gt;&lt;YOrigin&gt;-9998100&lt;/YOrigin&gt;&lt;XYScale&gt;10000&lt;/XYScale&gt;&lt;ZOrigin&gt;-100000&lt;/ZOrigin&gt;&lt;ZScale&gt;10000&lt;/ZScale&gt;&lt;MOrigin&gt;-100000&lt;/MOrigin&gt;&lt;MScale&gt;10000&lt;/MScale&gt;&lt;XYTolerance&gt;0.001&lt;/XYTolerance&gt;&lt;ZTolerance&gt;0.001&lt;/ZTolerance&gt;&lt;MTolerance&gt;0.001&lt;/MTolerance&gt;&lt;HighPrecision&gt;true&lt;/HighPrecision&gt;&lt;WKID&gt;32618&lt;/WKID&gt;&lt;LatestWKID&gt;32618&lt;/LatestWKID&gt;&lt;/ProjectedCoordinateSystem&gt;</peXml></coordRef><lineage><Process ToolSource="c:\program files\arcgis\pro\Resources\ArcToolbox\toolboxes\Cartography Tools.tbx\SmoothPolygon" Date="20201005" Time="173319">SmoothPolygon 19850124 C:\Users\banl_\OneDrive\Documentos\ArcGIS\Projects\Salamina\Salamina.gdb\c19850124_SmoothPolygon "Polynomial Approximation with Exponential Kernel (PAEK)" "500 Meters" FIXED_ENDPOINT "Do not check for topological errors" #</Process><Process ToolSource="c:\program files (x86)\arcgis\desktop10.5\ArcToolbox\Toolboxes\Data Management Tools.tbx\FeatureToLine" Date="20201006" Time="105004">FeatureToLine c19850124_SmoothPolygon "C:\Users\banl_\OneDrive\Escritorio\orillas salamina\orillas_line\19850124.shp" # ATTRIBUTES</Process><Process ToolSource="c:\program files (x86)\arcgis\desktop10.5\ArcToolbox\Toolboxes\Data Management Tools.tbx\CalculateField" Date="20201008" Time="130251">CalculateField 19850124 año 19850124 VB #</Process><Process ToolSource="c:\program files (x86)\arcgis\desktop10.5\ArcToolbox\Toolboxes\Data Management Tools.tbx\Merge" Date="20201008" Time="131208">Merge 19850124;19860316;19870114;19880516;1989011;19900106;19910314;19960802;19970821;19980301;19990131;20000821;20010301;20020304;20030307;20040309;20050224;20060211;20070129;20080405;20090307;20100509;20110313;20120315;20130401;20140329;20150316;20160302;20170321;20180308;20190412;20200905 "C:\Users\banl_\OneDrive\Escritorio\orillas salamina\paquete_orillas.shp" "FID_c19850 "FID_c19850" true true false 10 Long 0 10 ,First,#,19850124,FID_c19850,-1,-1;ID "ID" true true false 10 Long 0 10 ,First,#,19850124,ID,-1,-1,19860316,ID,-1,-1,19870114,ID,-1,-1,19880516,ID,-1,-1,1989011,ID,-1,-1,19900106,ID,-1,-1,19910314,ID,-1,-1,19960802,ID,-1,-1,19970821,ID,-1,-1,19980301,ID,-1,-1,19990131,ID,-1,-1,20000821,ID,-1,-1,20010301,Id,-1,-1,20020304,ID,-1,-1,20030307,ID,-1,-1,20040309,Id,-1,-1,20050224,ID,-1,-1,20060211,Id,-1,-1,20070129,ID,-1,-1,20080405,ID,-1,-1,20090307,ID,-1,-1,20100509,ID,-1,-1,20110313,ID,-1,-1,20120315,ID,-1,-1,20130401,ID,-1,-1,20140329,Id,-1,-1,20150316,ID,-1,-1,20160302,ID,-1,-1,20170321,ID,-1,-1,20180308,ID,-1,-1,20190412,ID,-1,-1,20200905,ID,-1,-1;GRIDCODE "GRIDCODE" true true false 10 Long 0 10 ,First,#,19850124,GRIDCODE,-1,-1,19860316,GRIDCODE,-1,-1,19870114,GRIDCODE,-1,-1,19880516,GRIDCODE,-1,-1,1989011,GRIDCODE,-1,-1,19900106,GRIDCODE,-1,-1,19910314,GRIDCODE,-1,-1,19960802,GRIDCODE,-1,-1,19970821,GRIDCODE,-1,-1,19980301,GRIDCODE,-1,-1,19990131,GRIDCODE,-1,-1,20000821,GRIDCODE,-1,-1,20010301,gridcode,-1,-1,20020304,GRIDCODE,-1,-1,20030307,GRIDCODE,-1,-1,20040309,gridcode,-1,-1,20050224,GRIDCODE,-1,-1,20060211,gridcode,-1,-1,20070129,GRIDCODE,-1,-1,20080405,GRIDCODE,-1,-1,20090307,GRIDCODE,-1,-1,20100509,GRIDCODE,-1,-1,20110313,GRIDCODE,-1,-1,20120315,GRIDCODE,-1,-1,20130401,GRIDCODE,-1,-1,20140329,gridcode,-1,-1,20150316,GRIDCODE,-1,-1,20160302,GRIDCODE,-1,-1,20170321,GRIDCODE,-1,-1,20180308,GRIDCODE,-1,-1,20190412,GRIDCODE,-1,-1,20200905,GRIDCODE,-1,-1;Shape_Leng "Shape_Leng" true true false 19 Double 0 0 ,First,#,19850124,Shape_Leng,-1,-1,19860316,Shape_Leng,-1,-1,19870114,Shape_Leng,-1,-1,19880516,Shape_Leng,-1,-1,1989011,Shape_Leng,-1,-1,19900106,Shape_Leng,-1,-1,19910314,Shape_Leng,-1,-1,19960802,Shape_Leng,-1,-1,19970821,Shape_Leng,-1,-1,19980301,Shape_Leng,-1,-1,19990131,Shape_Leng,-1,-1,20000821,Shape_Leng,-1,-1,20010301,Shape_Leng,-1,-1,20020304,Shape_Leng,-1,-1,20030307,Shape_Leng,-1,-1,20040309,Shape_Leng,-1,-1,20050224,Shape_Leng,-1,-1,20060211,Shape_Leng,-1,-1,20070129,Shape_Leng,-1,-1,20080405,Shape_Leng,-1,-1,20090307,Shape_Leng,-1,-1,20100509,Shape_Leng,-1,-1,20110313,Shape_Leng,-1,-1,20120315,Shape_Leng,-1,-1,20130401,Shape_Leng,-1,-1,20140329,Shape_Leng,-1,-1,20150316,Shape_Leng,-1,-1,20160302,Shape_Leng,-1,-1,20170321,Shape_Leng,-1,-1,20180308,Shape_Leng,-1,-1,20190412,Shape_Leng,-1,-1,20200905,Shape_Leng,-1,-1;Shape_Area "Shape_Area" true true false 19 Double 0 0 ,First,#,19850124,Shape_Area,-1,-1,19860316,Shape_Area,-1,-1,19870114,Shape_Area,-1,-1,19880516,Shape_Area,-1,-1,1989011,Shape_Area,-1,-1,19900106,Shape_Area,-1,-1,19910314,Shape_Area,-1,-1,19960802,Shape_Area,-1,-1,19970821,Shape_Area,-1,-1,19980301,Shape_Area,-1,-1,19990131,Shape_Area,-1,-1,20000821,Shape_Area,-1,-1,20010301,Shape_Area,-1,-1,20020304,Shape_Area,-1,-1,20030307,Shape_Area,-1,-1,20040309,Shape_Area,-1,-1,20050224,Shape_Area,-1,-1,20060211,Shape_Area,-1,-1,20070129,Shape_Area,-1,-1,20080405,Shape_Area,-1,-1,20090307,Shape_Area,-1,-1,20100509,Shape_Area,-1,-1,20110313,Shape_Area,-1,-1,20120315,Shape_Area,-1,-1,20130401,Shape_Area,-1,-1,20140329,Shape_Area,-1,-1,20150316,Shape_Area,-1,-1,20160302,Shape_Area,-1,-1,20170321,Shape_Area,-1,-1,20180308,Shape_Area,-1,-1,20190412,Shape_Area,-1,-1,20200905,Shape_Area,-1,-1;InPoly_FID "InPoly_FID" true true false 10 Long 0 10 ,First,#,19850124,InPoly_FID,-1,-1,19860316,InPoly_FID,-1,-1,19870114,InPoly_FID,-1,-1,19880516,InPoly_FID,-1,-1,1989011,InPoly_FID,-1,-1,19900106,InPoly_FID,-1,-1,19910314,InPoly_FID,-1,-1,19960802,InPoly_FID,-1,-1,19970821,InPoly_FID,-1,-1,19980301,InPoly_FID,-1,-1,19990131,InPoly_FID,-1,-1,20000821,InPoly_FID,-1,-1,20010301,InPoly_FID,-1,-1,20020304,InPoly_FID,-1,-1,20030307,InPoly_FID,-1,-1,20040309,InPoly_FID,-1,-1,20050224,InPoly_FID,-1,-1,20060211,InPoly_FID,-1,-1,20070129,InPoly_FID,-1,-1,20080405,InPoly_FID,-1,-1,20090307,InPoly_FID,-1,-1,20100509,InPoly_FID,-1,-1,20110313,InPoly_FID,-1,-1,20120315,InPoly_FID,-1,-1,20130401,InPoly_FID,-1,-1,20140329,InPoly_FID,-1,-1,20150316,InPoly_FID,-1,-1,20160302,InPoly_FID,-1,-1,20170321,InPoly_FID,-1,-1,20180308,InPoly_FID,-1,-1,20190412,InPoly_FID,-1,-1,20200905,InPoly_FID,-1,-1;año "año" true true false 50 Text 0 0 ,First,#,19850124,año,-1,-1,19860316,año,-1,-1,19870114,año,-1,-1,19880516,año,-1,-1,1989011,año,-1,-1,19900106,año,-1,-1,19910314,año,-1,-1,19960802,año,-1,-1,19970821,año,-1,-1,19980301,año,-1,-1,19990131,año,-1,-1,20000821,año,-1,-1,20010301,año,-1,-1,20020304,año,-1,-1,20030307,año,-1,-1,20040309,año,-1,-1,20050224,año,-1,-1,20060211,año,-1,-1,20070129,año,-1,-1,20080405,año,-1,-1,20090307,año,-1,-1,20100509,año,-1,-1,20110313,año,-1,-1,20120315,año,-1,-1,20130401,año,-1,-1,20140329,año,-1,-1,20150316,año,-1,-1,20160302,año,-1,-1,20170321,año,-1,-1,20180308,año,-1,-1,20190412,año,-1,-1,20200905,año,-1,-1;FID_c19860 "FID_c19860" true true false 10 Long 0 10 ,First,#,19860316,FID_c19860,-1,-1;FID_c19870 "FID_c19870" true true false 10 Long 0 10 ,First,#,19870114,FID_c19870,-1,-1;FID_c19880 "FID_c19880" true true false 10 Long 0 10 ,First,#,19880516,FID_c19880,-1,-1;FID_c19890 "FID_c19890" true true false 10 Long 0 10 ,First,#,1989011,FID_c19890,-1,-1;FID_c19900 "FID_c19900" true true false 10 Long 0 10 ,First,#,19900106,FID_c19900,-1,-1;FID_c19910 "FID_c19910" true true false 10 Long 0 10 ,First,#,19910314,FID_c19910,-1,-1;FID_c19960 "FID_c19960" true true false 10 Long 0 10 ,First,#,19960802,FID_c19960,-1,-1;FID_c19970 "FID_c19970" true true false 10 Long 0 10 ,First,#,19970821,FID_c19970,-1,-1;FID_c19980 "FID_c19980" true true false 10 Long 0 10 ,First,#,19980301,FID_c19980,-1,-1;FID_c19990 "FID_c19990" true true false 10 Long 0 10 ,First,#,19990131,FID_c19990,-1,-1;FID_c20000 "FID_c20000" true true false 10 Long 0 10 ,First,#,20000821,FID_c20000,-1,-1;FID_c20010 "FID_c20010" true true false 10 Long 0 10 ,First,#,20010301,FID_c20010,-1,-1;OBJECTID "OBJECTID" true true false 10 Long 0 10 ,First,#,20010301,OBJECTID,-1,-1,20040309,OBJECTID,-1,-1,20060211,OBJECTID,-1,-1,20140329,OBJECTID,-1,-1;Shape_Le_1 "Shape_Le_1" true true false 19 Double 0 0 ,First,#,20010301,Shape_Le_1,-1,-1,20040309,Shape_Le_1,-1,-1,20060211,Shape_Le_1,-1,-1,20140329,Shape_Le_1,-1,-1;FID_c20020 "FID_c20020" true true false 10 Long 0 10 ,First,#,20020304,FID_c20020,-1,-1;FID_c20030 "FID_c20030" true true false 10 Long 0 10 ,First,#,20030307,FID_c20030,-1,-1;FID_c20040 "FID_c20040" true true false 10 Long 0 10 ,First,#,20040309,FID_c20040,-1,-1;FID_c20050 "FID_c20050" true true false 10 Long 0 10 ,First,#,20050224,FID_c20050,-1,-1;FID_c20060 "FID_c20060" true true false 10 Long 0 10 ,First,#,20060211,FID_c20060,-1,-1;FID_c20070 "FID_c20070" true true false 10 Long 0 10 ,First,#,20070129,FID_c20070,-1,-1;FID_c20080 "FID_c20080" true true false 10 Long 0 10 ,First,#,20080405,FID_c20080,-1,-1;FID_c20090 "FID_c20090" true true false 10 Long 0 10 ,First,#,20090307,FID_c20090,-1,-1;FID_c20100 "FID_c20100" true true false 10 Long 0 10 ,First,#,20100509,FID_c20100,-1,-1;FID_c20110 "FID_c20110" true true false 10 Long 0 10 ,First,#,20110313,FID_c20110,-1,-1;FID_c20120 "FID_c20120" true true false 10 Long 0 10 ,First,#,20120315,FID_c20120,-1,-1;FID_c20130 "FID_c20130" true true false 10 Long 0 10 ,First,#,20130401,FID_c20130,-1,-1;FID_c20140 "FID_c20140" true true false 10 Long 0 10 ,First,#,20140329,FID_c20140,-1,-1;FID_c20150 "FID_c20150" true true false 10 Long 0 10 ,First,#,20150316,FID_c20150,-1,-1;FID_c20160 "FID_c20160" true true false 10 Long 0 10 ,First,#,20160302,FID_c20160,-1,-1;FID_c20170 "FID_c20170" true true false 10 Long 0 10 ,First,#,20170321,FID_c20170,-1,-1;FID_c20180 "FID_c20180" true true false 10 Long 0 10 ,First,#,20180308,FID_c20180,-1,-1;FID_c20190 "FID_c20190" true true false 10 Long 0 10 ,First,#,20190412,FID_c20190,-1,-1;FID_c20200 "FID_c20200" true true false 10 Long 0 10 ,First,#,20200905,FID_c20200,-1,-1"</Process><Process ToolSource="c:\program files (x86)\arcgis\desktop10.7\ArcToolbox\Toolboxes\Data Management Tools.tbx\Dissolve" Date="20201027" Time="013217">Dissolve Orillas_Multitemporal C:\Users\Usuario\Documents\ArcGIS\Default1.gdb\Orillas_Multitemporal_Dissol año # MULTI_PART DISSOLVE_LINES</Process><Process ToolSource="c:\program files (x86)\arcgis\desktop10.7\ArcToolbox\Toolboxes\Data Management Tools.tbx\Project" Date="20201027" Time="015345">Project Orillas_Multitemporal_Salamina C:\Luz_Orozco\Salamina\Orillas_Multitemporal_Salamina_WGS84.shp GEOGCS['GCS_WGS_1984',DATUM['D_WGS_1984',SPHEROID['WGS_1984',6378137.0,298.257223563]],PRIMEM['Greenwich',0.0],UNIT['Degree',0.0174532925199433]] # PROJCS['WGS_1984_UTM_Zone_18N',GEOGCS['GCS_WGS_1984',DATUM['D_WGS_1984',SPHEROID['WGS_1984',6378137.0,298.257223563]],PRIMEM['Greenwich',0.0],UNIT['Degree',0.0174532925199433]],PROJECTION['Transverse_Mercator'],PARAMETER['False_Easting',500000.0],PARAMETER['False_Northing',0.0],PARAMETER['Central_Meridian',-75.0],PARAMETER['Scale_Factor',0.9996],PARAMETER['Latitude_Of_Origin',0.0],UNIT['Meter',1.0]] NO_PRESERVE_SHAPE # NO_VERTICAL</Process></lineage><LayerFile>{"type":"CIMLayerDocument","version":"2.6.0","build":24783,"layers":["CIMPATH=map/c19850124_smoothpolygon.xml"],"layerDefinitions":[{"type":"CIMFeatureLayer","name":"c19850124_SmoothPolygon","uRI":"CIMPATH=map/c19850124_smoothpolygon.xml","sourceModifiedTime":{"type":"TimeInstant"},"useSourceMetadata":true,"description":"c19850124_SmoothPolygon","layerElevation":{"type":"CIMLayerElevationSurface","mapElevationID":"{D239A159-6590-4F45-9E03-5DD3734906B0}"},"expanded":true,"layerType":"Operational","showLegends":true,"visibility":true,"displayCacheType":"Permanent","maxDisplayCacheAge":5,"showPopups":true,"serviceLayerID":-1,"refreshRate":-1,"refreshRateUnit":"esriTimeUnitsSeconds","autoGenerateFeatureTemplates":true,"featureElevationExpression":"0","featureTable":{"type":"CIMFeatureTable","displayField":"ID","editable":true,"dataConnection":{"type":"CIMStandardDataConnection","workspaceConnectionString":"DATABASE=..\\..\\..\\..\\OneDrive\\Documentos\\ArcGIS\\Projects\\Salamina\\Salamina.gdb","workspaceFactory":"FileGDB","dataset":"c19850124_SmoothPolygon","datasetType":"esriDTFeatureClass"},"studyAreaSpatialRel":"esriSpatialRelUndefined","searchOrder":"esriSearchOrderSpatial"},"htmlPopupEnabled":true,"selectable":true,"featureCacheType":"Session","displayFiltersType":"ByScale","labelClasses":[{"type":"CIMLabelClass","expression":"$feature.ID","expressionEngine":"Arcade","featuresToLabel":"AllVisibleFeatures","maplexLabelPlacementProperties":{"type":"CIMMaplexLabelPlacementProperties","featureType":"Polygon","avoidPolygonHoles":true,"canOverrunFeature":true,"canPlaceLabelOutsidePolygon":true,"canRemoveOverlappingLabel":true,"canStackLabel":true,"connectionType":"Unambiguous","constrainOffset":"NoConstraint","contourAlignmentType":"Page","contourLadderType":"Straight","contourMaximumAngle":90,"enableConnection":true,"featureWeight":0,"fontHeightReductionLimit":4,"fontHeightReductionStep":0.5,"fontWidthReductionLimit":90,"fontWidthReductionStep":5,"graticuleAlignmentType":"Straight","keyNumberGroupName":"Default","labelBuffer":15,"labelLargestPolygon":true,"labelPriority":-1,"labelStackingProperties":{"type":"CIMMaplexLabelStackingProperties","stackAlignment":"ChooseBest","maximumNumberOfLines":3,"minimumNumberOfCharsPerLine":3,"maximumNumberOfCharsPerLine":24,"separators":[{"type":"CIMMaplexStackingSeparator","separator":" ","splitAfter":true},{"type":"CIMMaplexStackingSeparator","separator":",","visible":true,"splitAfter":true}]},"lineFeatureType":"General","linePlacementMethod":"OffsetCurvedFromLine","maximumLabelOverrun":80,"maximumLabelOverrunUnit":"Point","minimumFeatureSizeUnit":"Map","multiPartOption":"OneLabelPerPart","offsetAlongLineProperties":{"type":"CIMMaplexOffsetAlongLineProperties","placementMethod":"BestPositionAlongLine","labelAnchorPoint":"CenterOfLabel","distanceUnit":"Percentage","useLineDirection":true},"pointExternalZonePriorities":{"type":"CIMMaplexExternalZonePriorities","aboveLeft":4,"aboveCenter":2,"aboveRight":1,"centerRight":3,"belowRight":5,"belowCenter":7,"belowLeft":8,"centerLeft":6},"pointPlacementMethod":"AroundPoint","polygonAnchorPointType":"GeometricCenter","polygonBoundaryWeight":0,"polygonExternalZones":{"type":"CIMMaplexExternalZonePriorities","aboveLeft":4,"aboveCenter":2,"aboveRight":1,"centerRight":3,"belowRight":5,"belowCenter":7,"belowLeft":8,"centerLeft":6},"polygonFeatureType":"General","polygonInternalZones":{"type":"CIMMaplexInternalZonePriorities","center":1},"polygonPlacementMethod":"HorizontalInPolygon","primaryOffset":1,"primaryOffsetUnit":"Point","removeExtraWhiteSpace":true,"repetitionIntervalUnit":"Point","rotationProperties":{"type":"CIMMaplexRotationProperties","rotationType":"Arithmetic","alignmentType":"Straight"},"secondaryOffset":100,"strategyPriorities":{"type":"CIMMaplexStrategyPriorities","stacking":1,"overrun":2,"fontCompression":3,"fontReduction":4,"abbreviation":5},"thinningDistanceUnit":"Point","truncationMarkerCharacter":".","truncationMinimumLength":1,"truncationPreferredCharacters":"aeiou","truncationExcludedCharacters":"0123456789"},"name":"Class 1","priority":-1,"standardLabelPlacementProperties":{"type":"CIMStandardLabelPlacementProperties","featureType":"Line","featureWeight":"Low","labelWeight":"High","numLabelsOption":"OneLabelPerName","lineLabelPosition":{"type":"CIMStandardLineLabelPosition","above":true,"inLine":true,"parallel":true},"lineLabelPriorities":{"type":"CIMStandardLineLabelPriorities","aboveStart":3,"aboveAlong":3,"aboveEnd":3,"centerStart":3,"centerAlong":3,"centerEnd":3,"belowStart":3,"belowAlong":3,"belowEnd":3},"pointPlacementMethod":"AroundPoint","pointPlacementPriorities":{"type":"CIMStandardPointPlacementPriorities","aboveLeft":2,"aboveCenter":2,"aboveRight":1,"centerLeft":3,"centerRight":2,"belowLeft":3,"belowCenter":3,"belowRight":2},"rotationType":"Arithmetic","polygonPlacementMethod":"AlwaysHorizontal"},"textSymbol":{"type":"CIMSymbolReference","symbol":{"type":"CIMTextSymbol","blockProgression":"TTB","depth3D":1,"extrapolateBaselines":true,"fontEffects":"Normal","fontEncoding":"Unicode","fontFamilyName":"Tahoma","fontStyleName":"Regular","fontType":"Unspecified","haloSize":1,"height":10,"hinting":"Default","horizontalAlignment":"Left","kerning":true,"letterWidth":100,"ligatures":true,"lineGapType":"ExtraLeading","symbol":{"type":"CIMPolygonSymbol","symbolLayers":[{"type":"CIMSolidFill","enable":true,"color":{"type":"CIMRGBColor","values":[0,0,0,100]}}]},"textCase":"Normal","textDirection":"LTR","verticalAlignment":"Bottom","verticalGlyphOrientation":"Right","wordSpacing":100,"billboardMode3D":"FaceNearPlane"}},"useCodedValue":true,"visibility":true,"iD":-1}],"renderer":{"type":"CIMSimpleRenderer","patch":"Default","symbol":{"type":"CIMSymbolReference","symbol":{"type":"CIMPolygonSymbol","symbolLayers":[{"type":"CIMSolidStroke","enable":true,"capStyle":"Round","joinStyle":"Round","lineStyle3D":"Strip","miterLimit":10,"width":0.69999999999999996,"color":{"type":"CIMRGBColor","values":[110,110,110,100]}},{"type":"CIMSolidFill","enable":true,"color":{"type":"CIMRGBColor","values":[184.289999999999992,207.009999999999991,252.449999999999989,100]}}]}}},"scaleSymbols":true,"snappable":true}]}</LayerFile></DataProperties><SyncDate>20201027</SyncDate><SyncTime>01321300</SyncTime><ModDate>20201027</ModDate><ModTime>01321300</ModTime></Esri><dataIdInfo><envirDesc Sync="TRUE"> Version 6.2 (Build 9200) ; Esri ArcGIS 10.7.1.11595</envirDesc><dataLang><languageCode value="spa" Sync="TRUE"></languageCode><countryCode value="COL" Sync="TRUE"></countryCode></dataLang><idCitation><resTitle Sync="TRUE">Orillas_Multitemporal_Dissol</resTitle><presForm><PresFormCd value="005" Sync="TRUE"></PresFormCd></presForm></idCitation><spatRpType><SpatRepTypCd value="001" Sync="TRUE"></SpatRepTypCd></spatRpType></dataIdInfo><mdLang><languageCode value="spa" Sync="TRUE"></languageCode><countryCode value="COL" Sync="TRUE"></countryCode></mdLang><distInfo><distFormat><formatName Sync="TRUE">File Geodatabase Feature Class</formatName></distFormat><distTranOps><transSize Sync="TRUE">0.000</transSize></distTranOps></distInfo><mdHrLv><ScopeCd value="005" Sync="TRUE"></ScopeCd></mdHrLv><mdHrLvName Sync="TRUE">dataset</mdHrLvName><refSysInfo><RefSystem><refSysID><identCode code="32618" Sync="TRUE"></identCode><idCodeSpace Sync="TRUE">EPSG</idCodeSpace><idVersion Sync="TRUE">2.1(3.0.1)</idVersion></refSysID></RefSystem></refSysInfo><spatRepInfo><VectSpatRep><geometObjs Name="Orillas_Multitemporal_Dissol"><geoObjTyp><GeoObjTypCd value="002" Sync="TRUE"></GeoObjTypCd></geoObjTyp><geoObjCnt Sync="TRUE">0</geoObjCnt></geometObjs><topLvl><TopoLevCd value="001" Sync="TRUE"></TopoLevCd></topLvl></VectSpatRep></spatRepInfo><spdoinfo><ptvctinf><esriterm Name="Orillas_Multitemporal_Dissol"><efeatyp Sync="TRUE">Simple</efeatyp><efeageom code="3" Sync="TRUE"></efeageom><esritopo Sync="TRUE">FALSE</esritopo><efeacnt Sync="TRUE">0</efeacnt><spindex Sync="TRUE">TRUE</spindex><linrefer Sync="TRUE">FALSE</linrefer></esriterm></ptvctinf></spdoinfo><eainfo><detailed Name="Orillas_Multitemporal_Dissol"><enttyp><enttypl Sync="TRUE">Orillas_Multitemporal_Dissol</enttypl><enttypt Sync="TRUE">Feature Class</enttypt><enttypc Sync="TRUE">0</enttypc></enttyp><attr><attrlabl Sync="TRUE">Shape</attrlabl><attalias Sync="TRUE">Shape</attalias><attrtype Sync="TRUE">Geometry</attrtype><attwidth Sync="TRUE">0</attwidth><atprecis Sync="TRUE">0</atprecis><attscale Sync="TRUE">0</attscale><attrdef Sync="TRUE">Feature geometry.</attrdef><attrdefs Sync="TRUE">Esri</attrdefs><attrdomv><udom Sync="TRUE">Coordinates defining the features.</udom></attrdomv></attr><attr><attrlabl Sync="TRUE">año</attrlabl><attalias Sync="TRUE">año</attalias><attrtype Sync="TRUE">String</attrtype><attwidth Sync="TRUE">50</attwidth><atprecis Sync="TRUE">0</atprecis><attscale Sync="TRUE">0</attscale></attr><attr><attrlabl Sync="TRUE">OBJECTID</attrlabl><attalias Sync="TRUE">FID</attalias><attrtype Sync="TRUE">OID</attrtype><attwidth Sync="TRUE">4</attwidth><atprecis Sync="TRUE">0</atprecis><attscale Sync="TRUE">0</attscale><attrdef Sync="TRUE">Internal feature number.</attrdef><attrdefs Sync="TRUE">Esri</attrdefs><attrdomv><udom Sync="TRUE">Sequential unique whole numbers that are automatically generated.</udom></attrdomv></attr><attr><attrlabl Sync="TRUE">Shape_Length</attrlabl><attalias Sync="TRUE">Shape_Length</attalias><attrtype Sync="TRUE">Double</attrtype><attwidth Sync="TRUE">8</attwidth><atprecis Sync="TRUE">0</atprecis><attscale Sync="TRUE">0</attscale><attrdef Sync="TRUE">Length of feature in internal units.</attrdef><attrdefs Sync="TRUE">Esri</attrdefs><attrdomv><udom Sync="TRUE">Positive real numbers that are automatically generated.</udom></attrdomv></attr></detailed></eainfo><mdDateSt Sync="TRUE">20201027</mdDateSt></metadata>
